DROP TABLE OBRA CASCADE CONSTRAINTS;
DROP TABLE MAQUINA CASCADE CONSTRAINTS;
DROP TABLE OBRERO CASCADE CONSTRAINTS;


CREATE TABLE OBRA (
ID_OBRA NUMBER(3),
NOMBRE VARCHAR(15),
ESTADO VARCHAR(15)
);

ALTER TABLE OBRA ADD CONSTRAINT PK_OBRA 
PRIMARY KEY (ID_OBRA);

CREATE TABLE MAQUINA (
ID_MAQUINA NUMBER(3),
NOMBRE VARCHAR(15),
TIPO VARCHAR(10)
);

ALTER TABLE MAQUINA ADD CONSTRAINT PK_MAQUINA
PRIMARY KEY (ID_MAQUINA);

CREATE TABLE OBRERO (
ID_OBRERO NUMBER(3),
NOMBRE VARCHAR(20),
ZONA VARCHAR(20),
ID_MAQUINA NUMBER(3),
ID_OBRA NUMBER(3)
);

ALTER TABLE OBRERO ADD CONSTRAINT PK_OBRERO
PRIMARY KEY (ID_OBRERO);

ALTER TABLE OBRERO ADD CONSTRAINT FK_OBRERO_OBRA 
FOREIGN KEY (ID_OBRA) REFERENCES OBRA(ID_OBRA);

ALTER TABLE OBRERO ADD CONSTRAINT FK_OBRERO_MAQUINA 
FOREIGN KEY (ID_MAQUINA) REFERENCES MAQUINA(ID_MAQUINA);



INSERT INTO OBRA VALUES (1,'COYOACAN','CDMX');
INSERT INTO OBRA VALUES (2,'GUADALAJARA','JALISCO');
INSERT INTO OBRA VALUES (3,'MONTERREY','NUEVO LEON');
INSERT INTO OBRA VALUES (4,'PUEBLA','PUEBLA');
INSERT INTO OBRA VALUES (5,'XALAPA','VERACRUZ');
INSERT INTO OBRA VALUES (6,'PACHUCA','HIDALGO');
INSERT INTO OBRA VALUES (7,'TOLUCA','EDO MEX');


INSERT INTO MAQUINA VALUES (1,'ESCABADORA','PESADA');
INSERT INTO MAQUINA VALUES (2,'RETROESCABADORA','PESADA');
INSERT INTO MAQUINA VALUES (3,'DRAGAS','PESADA');
INSERT INTO MAQUINA VALUES (4,'MOTOVOLQUETE','SEMIPESADA');
INSERT INTO MAQUINA VALUES (5,'TRACTOR',NULL);
INSERT INTO MAQUINA VALUES (6,'CISTERNA',NULL);
INSERT INTO MAQUINA VALUES (7,'NEUMATICAS','LIGERO');
INSERT INTO MAQUINA VALUES (8,'ELECTRICAS','PESADA');
INSERT INTO MAQUINA VALUES (9,'MOTOTRAILAS',NULL);
INSERT INTO MAQUINA VALUES (10,'DUMPERS',NULL);



INSERT INTO OBRERO VALUES (1,'Lorenzo Cordero','ZONA A',3,1);
INSERT INTO OBRERO VALUES (2,'Celestino Aguilar','ZONA B',4,5);
INSERT INTO OBRERO VALUES (3,'Jesus Granados','ZONA C',3,1);
INSERT INTO OBRERO VALUES (4,'Emmanuel Ponce ','ZONA D',8,NULL);
INSERT INTO OBRERO VALUES (5,'Cecilia Perez','ZONA C',7,1);
INSERT INTO OBRERO VALUES (6,'David Lopez ','ZONA C',2,3);
INSERT INTO OBRERO VALUES (7,'Maria Dolores ','ZONA C',4,4);
INSERT INTO OBRERO VALUES (8,'Enrique Martinez ','ZONA C',4,NULL);
INSERT INTO OBRERO VALUES (9,'Pablo Quintana','ZONA C',2,NULL);
INSERT INTO OBRERO VALUES (10,'Lucia Gutierrez','ZONA C',5,1);
INSERT INTO OBRERO VALUES (11,'Monica Peña','ZONA C',NULL,1);
INSERT INTO OBRERO VALUES (12,'Victor Suarez','ZONA B',6,4);
INSERT INTO OBRERO VALUES (13,'Sergio Raigoza ','ZONA C',6,1);
INSERT INTO OBRERO VALUES (14,'Juan Lopez','ZONA D',4,1);
INSERT INTO OBRERO VALUES (15,'Pablo Araiza ','ZONA D',8,4);
INSERT INTO OBRERO VALUES (16,'Jorge Gomez','ZONA A',5,2);
INSERT INTO OBRERO VALUES (17,'Hector Solano','ZONA B',5,3);
INSERT INTO OBRERO VALUES (18,'Fernanda Castro','ZONA C',6,5);
INSERT INTO OBRERO VALUES (19,'Antonio Rioja','ZONA D',1,5);
INSERT INTO OBRERO VALUES (20,'Enrique Blozano','ZONA B',4,3);
INSERT INTO OBRERO VALUES (21,'Juana Alvez','ZONA B',NULL,1);
INSERT INTO OBRERO VALUES (22,'David Rivero','ZONA B',7,4);
INSERT INTO OBRERO VALUES (23,'Esteban Da Silva','ZONA B',NULL,4);
INSERT INTO OBRERO VALUES (24,'Jesus  Palma','ZONA B',6,4);
INSERT INTO OBRERO VALUES (25,'Mauricio Gestido','ZONA B',2,2);
INSERT INTO OBRERO VALUES (26,'Quirino Gonzalez ','ZONA B',8,5);
INSERT INTO OBRERO VALUES (27,'Angeles Cruz','ZONA B',6,1);
INSERT INTO OBRERO VALUES (28,'Mario Hernandez ','ZONA A',NULL,NULL);
INSERT INTO OBRERO VALUES (29,'Marco Perea','ZONA B',NULL,NULL);
INSERT INTO OBRERO VALUES (30,'Alicia Quintero','ZONA C',7,1);
INSERT INTO OBRERO VALUES (31,'JOse Rosas','ZONA D',NULL,4);
INSERT INTO OBRERO VALUES (32,'Carlos  Vivanco','ZONA D',NULL,1);
INSERT INTO OBRERO VALUES (33,'Gerardo Gonzalez','ZONA D',4,4);
INSERT INTO OBRERO VALUES (34,'Walter Miranda','ZONA D',6,2);
INSERT INTO OBRERO VALUES (35,'Maria Sosa','ZONA D',6,NULL);
INSERT INTO OBRERO VALUES (36,'Cristian Monroy','ZONA D',2,5);
INSERT INTO OBRERO VALUES (37,'Ignacio Mendez','ZONA D',NULL,NULL);
INSERT INTO OBRERO VALUES (38,'Jaime Salazar','ZONA A',7,3);
INSERT INTO OBRERO VALUES (39,'Mariana Estevez','ZONA A',NULL,NULL);
INSERT INTO OBRERO VALUES (40,'Gibran Cruz','ZONA A',7,1);
INSERT INTO OBRERO VALUES (41,'Gabriel Ledesma','ZONA A',3,4);
INSERT INTO OBRERO VALUES (42,'Cristian Nasa','ZONA B',1,2);
INSERT INTO OBRERO VALUES (43,'Diana Saravia','ZONA C',2,4);
INSERT INTO OBRERO VALUES (44,'Laura Soria','ZONA D',NULL,NULL);
INSERT INTO OBRERO VALUES (45,'Leticia Costa','ZONA A',3,3);
INSERT INTO OBRERO VALUES (46,'Hector Lopez ','ZONA B',NULL,1);
INSERT INTO OBRERO VALUES (47,'Jose Pelayo ','ZONA C',8,1);
INSERT INTO OBRERO VALUES (48,'Mario Garcia','ZONA D',3,2);
INSERT INTO OBRERO VALUES (49,'Juvenal Garcia','ZONA D',NULL,NULL);
INSERT INTO OBRERO VALUES (50,'Francisco Serrano','ZONA D',5,NULL);

SELECT COUNT(*) FROM OBRA;
SELECT COUNT(*) FROM MAQUINA;
SELECT COUNT(*) FROM OBRERO;
